Region,Distrikt,Resultatenhet,Resultatenhetnamn,Adress,Postnr,Ort,FakturaAdress,FakturaPostnr,FakturaOrt,Telefon,Telefax,EPost,Arbetsplatskod,Filial,Filialnamn,FilialAdress,FilialPostnr,FilialOrt,FilialTelefon,FilialTelefax,FilialEPost,FilialArbetsplatskod
 Marknadsområden, MO Norr,155,Dalarna,Borganäsvägen 30,784 33,BORLÄNGE,Borganäsvägen 30,784 33,BORLÄNGE,0771-230000,0243-82394,borlange@previa.se,209900220,,,,,,,,,
 Marknadsområden, MO Norr,155,Dalarna,Borganäsvägen 30,784 33,BORLÄNGE,Borganäsvägen 30,784 33,BORLÄNGE,0771-230000,0243-82394,borlange@previa.se,209900220,155,BORLÄNGE,Borganäsvägen 30,784 33,Borlänge,0771-230000,0243-82394,borlange@previa.se,
 Marknadsområden, MO Norr,155,Dalarna,Borganäsvägen 30,784 33,BORLÄNGE,Borganäsvägen 30,784 33,BORLÄNGE,0771-230000,0243-82394,borlange@previa.se,209900220,155,FALUN,Åsgatan 25,791 71,Falun,0771-230000,023-69540,falun@previa.se,
HK,Affärsutveckling,273,Sjuk & Frisk,Visborgsallén 39 3 tr,621 50,Visby,Box 1161,621 22,Visby,0771-230000,0498-20 74 51,:,1,,,,,,,,,
HK,Telefonservice,720,Gemensam växel,Visborgsallén 39 3 tr,621 50,Visby ,Visborgsallén 39 3 tr,621 50,Visby ,1,1 ,: ,1 ,720,Central bokning,Visborgsallén 39 3 tr,621 50,Visby ,,,,
 Marknadsområden, MO Norr,160,Gävle,"Drottninggatan 6, 1 tr",803 20,GÄVLE,"Drottninggatan 6, 1 tr",803 20,GÄVLE,0771-230000,026-102704,gavle@previa.se,2159620022000,,,,,,,,,
 Marknadsområden, MO Norr,160,Gävle,"Drottninggatan 6, 1 tr",803 20,GÄVLE,"Drottninggatan 6, 1 tr",803 20,GÄVLE,0771-230000,026-102704,gavle@previa.se,2159620022000,160,- Atlas Copco,C/O Atlas Copco,815 22,Tierp,0771-230000,,gavle@previa.se,
 Marknadsområden, MO Norr,160,Gävle,"Drottninggatan 6, 1 tr",803 20,GÄVLE,"Drottninggatan 6, 1 tr",803 20,GÄVLE,0771-230000,026-102704,gavle@previa.se,2159620022000,160,- Korsnäs,C/O Korsnäs,801 81,Gävle,0771-230000,,gavle@previa.se,
 Marknadsområden, MO Norr,160,Gävle,"Drottninggatan 6, 1 tr",803 20,GÄVLE,"Drottninggatan 6, 1 tr",803 20,GÄVLE,0771-230000,026-102704,gavle@previa.se,2159620022000,160,Falun webbokningar,Trotzgatan 37 B,791 72,Falun,0771-230000,026-102704,,
 Marknadsområden, MO Norr,160,Gävle,"Drottninggatan 6, 1 tr",803 20,GÄVLE,"Drottninggatan 6, 1 tr",803 20,GÄVLE,0771-230000,026-102704,gavle@previa.se,2159620022000,160,GÄVLE,"Drottninggatan 6, 1 tr",803 20,GÄVLE,0771-230000,026-102704,gavle@previa.se,
 Marknadsområden, MO Norr,160,Gävle,"Drottninggatan 6, 1 tr",803 20,GÄVLE,"Drottninggatan 6, 1 tr",803 20,GÄVLE,0771-230000,026-102704,gavle@previa.se,2159620022000,160,Hofors,Företgagarhuset,813 32,HOFORS,0771-230000,,gavle@previa.se,
 Marknadsområden, MO Norr,160,Gävle,"Drottninggatan 6, 1 tr",803 20,GÄVLE,"Drottninggatan 6, 1 tr",803 20,GÄVLE,0771-230000,026-102704,gavle@previa.se,2159620022000,160,Skutskär,Roosvägen 2 C,814 23,Skutskär,0771-230000,,gavle@previa.se,
 Marknadsområden, MO Norr,144,Örnsköldsvik,Fröjastigen 1,89136,ÖRNSKÖLDSVIK,Fröjastigen 1,891 36,ÖRNSKÖLDSVIK,0771-230000,0660-860 48,ornskoldsvik@previa.se,,,,,,,,,,
 Marknadsområden, MO Norr,144,Örnsköldsvik,Fröjastigen 1,89136,ÖRNSKÖLDSVIK,Fröjastigen 1,891 36,ÖRNSKÖLDSVIK,0771-230000,0660-860 48,ornskoldsvik@previa.se,,144,HUSUM,Bruksvägen 90 B,896 32,HUSUM,0771-230000,0663-610 50,ornskoldsvik@previa.se,
 Marknadsområden, MO Norr,144,Örnsköldsvik,Fröjastigen 1,89136,ÖRNSKÖLDSVIK,Fröjastigen 1,891 36,ÖRNSKÖLDSVIK,0771-230000,0660-860 48,ornskoldsvik@previa.se,,144,Nordmaling,Åsgatan 4,914 32,Nordmaling,0771-230000,,ornskoldsvik@previa.se,
 Marknadsområden, MO Norr,144,Örnsköldsvik,Fröjastigen 1,89136,ÖRNSKÖLDSVIK,Fröjastigen 1,891 36,ÖRNSKÖLDSVIK,0771-230000,0660-860 48,ornskoldsvik@previa.se,,144,ÖRNSKÖLDSVIK,Box 70,891 22,ÖRNSKÖLDSVIK,0771-230000,0660-860 49,ornskoldsvik@previa.se,
Övriga,Övriga,590,ESF-ALERT,,,,,,,,,,,,,,,,,,,
 Marknadsområden, MO Stockholm,227,Stockholm City,Kungsgatan 56,111 22,Stockholm,Kungsgatan 56,111 22,Stockholm,0771-230000,,,0190412010285,,,,,,,,,
 Marknadsområden, MO Stockholm,227,Stockholm City,Kungsgatan 56,111 22,Stockholm,Kungsgatan 56,111 22,Stockholm,0771-230000,,,0190412010285,227,STOCKHOLM City,Kungsgatan 56,111 22,Stockholm,0771-230000,,,
HK,Försäljning,741,MO Key Accounts,Box 6047,102 31,Stockholm,Box 6047,102 31,Stockholm,0771-230000,08-6274399,:,1,,,,,,,,,
 Marknadsområden, MO Stockholm,744,FMC Stockholm,Box 6047,102 31,Stockholm,Box 6047,102 31,Stockholm,0771-230000,08-6274399,:,1,,,,,,,,,
 Marknadsområden, MO Norr,742,FMC Norr,Storgatan 115,903 33,Umeå,Storgatan 115,903 33,Umeå,0771-230000,08-6274399,:,1,,,,,,,,,
 Marknadsområden, MO Norr,743,FMC Uppland-GävleDala,Märstagatan 2,753 23,Uppsala,Märstagatan 2,753 23,Uppsala,0771-230000,08-6274399,:,1,,,,,,,,,
 Marknadsområden, MO Öst,745,FMC Öst,Fredsgatan 2,703 62,Örebro,Fredsgatan 2,703 62,Örebro,0771-230000,08-6274399,:,1,,,,,,,,,
 Marknadsområden, MO Sydväst,746,FMC Västra Götaland,Box 11939,404 39,Göteborg,Box 11939,404 39,Göteborg,0771-230000,08-6274399,:,1,,,,,,,,,
 Marknadsområden, MO Norr,175,Uppsala,S:t Persgatan 10,753 20,UPPSALA,S:t Persgatan 10,753 20,UPPSALA,0771-230000,018-158865,uppsala@previa.se,0380509920004,,,,,,,,,
 Marknadsområden, MO Norr,175,Uppsala,S:t Persgatan 10,753 20,UPPSALA,S:t Persgatan 10,753 20,UPPSALA,0771-230000,018-158865,uppsala@previa.se,0380509920004,175,- Forsmark,Forsmarks kärnkraftverk,742 03,ÖSTHAMMAR,0771-230000,,uppsala@previa.se,
 Marknadsområden, MO Norr,175,Uppsala,S:t Persgatan 10,753 20,UPPSALA,S:t Persgatan 10,753 20,UPPSALA,0771-230000,018-158865,uppsala@previa.se,0380509920004,175,- Statens Veterinärmedicinska Anstalt (SVA),Ulls väg 2B,756 51,UPPSALA,0771-230000,,uppsala@previa.se,
 Marknadsområden, MO Norr,175,Uppsala,S:t Persgatan 10,753 20,UPPSALA,S:t Persgatan 10,753 20,UPPSALA,0771-230000,018-158865,uppsala@previa.se,0380509920004,175,"UPPSALA, S:T PERSGATAN",S:t Persgatan 10,753 20,Uppsala,0771-230000,,uppsala@previa.se,
 Marknadsområden, MO Öst,747,FMC Småland-Halland-Blekinge,Klubbhusgatan 13,553 03,Jonköping,Klubbhusgatan 13,553 03,Jonköping,0771-230000,08-6274399,:,1,,,,,,,,,
 Marknadsområden, MO Sydväst,748,FMC Sydväst,Järnvägsgatan 35,252 25,Helsingborg,Järnvägsgatan 35,252 25,Helsingborg,0771-230000,08-6274399,:,1,,,,,,,,,
HK,Kris- och personalstöd,780,Kris- och personalstöd,Box 6047,102 31,Stockholm,Box 6047,102 31,Stockholm,0771-230000,08-6274399,:,1,780,K24,Box 6047,102 31,Stockholm,,,,
 Marknadsområden, MO Norr,146,Östersund,Kyrkgatan 43,831 34,Östersund,Kyrkgatan 43,831 34,Östersund,0771-230000,,,2332484030,146,ÖSTERSUND,Kyrkgatan 43,831 34,Östersund,0771-230000,063-151569,ostersund@previa.se,2332484030
 Marknadsområden, MO Norr,752,MOC Norr,Storgatan 115,903 33,Umeå,Storgatan 115,903 33,Umeå,0771-230000,08-6274399,:,1,,,,,,,,,
 Marknadsområden, MO Norr,753,MOC Uppland-GävleDala,Märstagatan 2,753 23,Uppsala,Märstagatan 2,753 23,Uppsala,0771-230000,08-6274399,:,1,,,,,,,,,
 Marknadsområden, MO Stockholm,754,MOC Stockholm,Box 6047,102 31,Stockholm,Box 6047,102 31,Stockholm,0771-230000,08-6274399,:,1,,,,,,,,,
 Marknadsområden, MO Öst,755,MOC Öst,Fredsgatan 2,703 62,Örebro,Fredsgatan 2,703 62,Örebro,0771-230000,08-6274399,:,1,,,,,,,,,
 Marknadsområden, MO Sydväst,756,MOC Västra Götaland,Box 11939,404 39,Göteborg,Box 11939,404 39,Göteborg,0771-230000,08-6274399,:,1,,,,,,,,,
 Marknadsområden, MO Öst,757,MOC Småland-Halland-Blekinge,Klubbhusgatan 13,553 03,Jonköping,Klubbhusgatan 13,553 03,Jonköping,0771-230000,08-6274399,:,1,,,,,,,,,
 Marknadsområden, MO Sydväst,758,MOC Sydväst,Järnvägsgatan 35,252 25,Helsingborg,Järnvägsgatan 35,252 25,Helsingborg,0771-230000,08-6274399,:,1,,,,,,,,,
 Marknadsområden, MO Stockholm,199,SOL,"S:t Eriksgatan 113, 6 tr",113 43,Stockholm,"S:t Eriksgatan 113, 6 tr",113 43,Stockholm,0771-230000,08-7891430,vasastan@previa.se,,199,SOL,Box 6047,102 31,Stockholm,0771-230000,08-7891430,vasastan@previa.se,
 Marknadsområden, MO Norr,157,Ludvika,Lyviksvägen 3,771 80,Ludvika,,,,,,,,,,,,,,,,
 Marknadsområden, MO Norr,167,Sandviken,Torggatan 7,811 39,Sandviken,,,,,,,,,,,,,,,,
 Marknadsområden, MO Öst,377,Finnslätten,Nätverksgatan 4,721 83,Västerås,,,,,,,,,,,,,,,,
 Marknadsområden, MO Stockholm,190,Kista,Box 1094 (Besöksadress Kistagången 16),164 25,KISTA,Box 1094 (Besöksadress Kistagången 16),164 25,KISTA,0771-230000,08-7526082,kista@previa.se,01964130100,,,,,,,,,
 Marknadsområden, MO Stockholm,190,Kista,Box 1094 (Besöksadress Kistagången 16),164 25,KISTA,Box 1094 (Besöksadress Kistagången 16),164 25,KISTA,0771-230000,08-7526082,kista@previa.se,01964130100,190,KISTA,Box 1094 ,164 25,KISTA,0771-230000,08-7526082,kista@previa.se,01964130100
 Marknadsområden, MO Stockholm,220,Märsta,Porsgrunnsgatan 3,195 30,Märsta,Porsgrunnsgatan 3,195 30,MÄRSTA,0771-230000,08-59378921,arlanda@previa.se,01969800100,220,MÄRSTA,Porsgrunnsgatan 3,195 30,Märsta,0771-230000,08-59378921,,
 Marknadsområden, MO Stockholm,220,Märsta,Porsgrunnsgatan 3,195 30,Märsta,Porsgrunnsgatan 3,195 30,MÄRSTA,0771-230000,08-59378921,arlanda@previa.se,01969800100,220,"SKY CITY, Arlanda",Porsgrunnsgatan 3,195 30,Märsta,0771-230000,08-591 259 44,arlanda@previa.se,
 Marknadsområden, MO Stockholm,225,Vasastan,"S:t Eriksgatan 113, 6 tr",113 43,STOCKHOLM,"S:t Eriksgatan 113, 6 tr",113 43,STOCKHOLM,0771-230000,08-7891430,vasastan@previa.se,01977020100,,,,,,,,,
 Marknadsområden, MO Stockholm,225,Vasastan,"S:t Eriksgatan 113, 6 tr",113 43,STOCKHOLM,"S:t Eriksgatan 113, 6 tr",113 43,STOCKHOLM,0771-230000,08-7891430,vasastan@previa.se,01977020100,225,- Norrtälje Hedman & Mannheimer.,Danskes gränd 4,761 30,Norrtälje,0771-230000,08-50892004,ostermalm@previa.se,
 Marknadsområden, MO Stockholm,225,Vasastan,"S:t Eriksgatan 113, 6 tr",113 43,STOCKHOLM,"S:t Eriksgatan 113, 6 tr",113 43,STOCKHOLM,0771-230000,08-7891430,vasastan@previa.se,01977020100,225,STOCKHOLM Vasastan,Box 6047,102 31,STOCKHOLM,0771-230000,08-7891430,vasastan@previa.se,
 Marknadsområden, MO Stockholm,240,Östermalm,Sköldungagatan 4,114 27,STOCKHOLM,Sköldungagatan 4,114 27,STOCKHOLM,0771-230000,08-50892004,ostermalm@previa.se,01950710100,,,,,,,,,
 Marknadsområden, MO Stockholm,240,Östermalm,Sköldungagatan 4,114 27,STOCKHOLM,Sköldungagatan 4,114 27,STOCKHOLM,0771-230000,08-50892004,ostermalm@previa.se,01950710100,240,STOCKHOLM Östermalm,Sköldungagatan 4,114 27,STOCKHOLM,0771-230000,08-50892004,ostermalm@previa.se,01950710100
 Marknadsområden, MO Stockholm,263,Gullmarsplan,Gullmarsplan 17,121 40,JOHANNESHOV,Gullmarsplan 17,121 40,JOHANNESHOV,0771-230000,08-7222438,gullmarsplan@previa.se,01978240100,,,,,,,,,
 Marknadsområden, MO Stockholm,263,Gullmarsplan,Gullmarsplan 17,121 40,JOHANNESHOV,Gullmarsplan 17,121 40,JOHANNESHOV,0771-230000,08-7222438,gullmarsplan@previa.se,01978240100,263,- Nynas AB,Raffinaderivägen 21,149 41,Nynäshamn,0771-230000,,,
 Marknadsområden, MO Stockholm,263,Gullmarsplan,Gullmarsplan 17,121 40,JOHANNESHOV,Gullmarsplan 17,121 40,JOHANNESHOV,0771-230000,08-7222438,gullmarsplan@previa.se,01978240100,263,GULLMARSPLAN,Gullmarsplan 17,121 40,JOHANNESHOV,0771-230000,08- 722 24 38,,
 Marknadsområden, MO Stockholm,270,Gotland,Visborgsallén 39 3 tr,621 50,Visby,Box 1161,621 22,Visby,0771-230000,0498-207451,visby@previa.se,0950675002200,270,GOTLAND,Box 1161,621 22,Visby,0771-230000,0498-207451,visby@previa.se,
 Marknadsområden, MO Stockholm,280,Södertälje,"Patron Pehrs väg 4, 4 tr",141 35,Huddinge,Lovisinsgatan 3,151 73,SÖDERTÄLJE,0771-230000,08-55026861,sodertalje@previa.se,01994530100,,,,,,,,,
 Marknadsområden, MO Stockholm,280,Södertälje,"Patron Pehrs väg 4, 4 tr",141 35,Huddinge,Lovisinsgatan 3,151 73,SÖDERTÄLJE,0771-230000,08-55026861,sodertalje@previa.se,01994530100,280,- AstraZeneca Gärtuna,Hälsocenter Gärtuna/Previa B634:4,151 85,Södertälje,08-553 24 700,,,
 Marknadsområden, MO Stockholm,280,Södertälje,"Patron Pehrs väg 4, 4 tr",141 35,Huddinge,Lovisinsgatan 3,151 73,SÖDERTÄLJE,0771-230000,08-55026861,sodertalje@previa.se,01994530100,280,- AstraZeneca Snäckviken,"Kvarnbergagatan 12, plan 5",151 36,Södertälje,,,,
 Marknadsområden, MO Stockholm,280,Södertälje,"Patron Pehrs väg 4, 4 tr",141 35,Huddinge,Lovisinsgatan 3,151 73,SÖDERTÄLJE,0771-230000,08-55026861,sodertalje@previa.se,01994530100,280,SÖDERTÄLJE,"Kvarnbergagatan 12, plan 2",151 36,SÖDERTÄLJE,0771-230000,08-55026861,sodertalje@previa.se,
 Marknadsområden, MO Öst,295,Sörmland,Rademachergatan 17,632 20,ESKILSTUNA,Rademachergatan 17,632 20,ESKILSTUNA,0771-230000,016-514090,eskilstuna@previa.se,0464600000000,,,,,,,,,
 Marknadsområden, MO Öst,295,Sörmland,Rademachergatan 17,632 20,ESKILSTUNA,Rademachergatan 17,632 20,ESKILSTUNA,0771-230000,016-514090,eskilstuna@previa.se,0464600000000,295,Flen,Götgatan 4,642 37,FLEN,0771-230000,0157-10265,flen@previa.se,
 Marknadsområden, MO Öst,295,Sörmland,Rademachergatan 17,632 20,ESKILSTUNA,Rademachergatan 17,632 20,ESKILSTUNA,0771-230000,016-514090,eskilstuna@previa.se,0464600000000,295,KATRINEHOLM,Vingåkersvägen 10,641 51,KATRINEHOLM,0771-230000,0150-77349,,
 Marknadsområden, MO Öst,295,Sörmland,Rademachergatan 17,632 20,ESKILSTUNA,Rademachergatan 17,632 20,ESKILSTUNA,0771-230000,016-514090,eskilstuna@previa.se,0464600000000,295,NYKÖPING,Repslagaregatan 43,611 32,NYKÖPING,0771-230000,0155-269598,nykoping@previa.se,
 Marknadsområden, MO Öst,295,Sörmland,Rademachergatan 17,632 20,ESKILSTUNA,Rademachergatan 17,632 20,ESKILSTUNA,0771-230000,016-514090,eskilstuna@previa.se,0464600000000,295,Oxelösund,Torggatan 4,613 30,Oxelösund,0771-230000,,,
 Marknadsområden, MO Öst,295,Sörmland,Rademachergatan 17,632 20,ESKILSTUNA,Rademachergatan 17,632 20,ESKILSTUNA,0771-230000,016-514090,eskilstuna@previa.se,0464600000000,295,Strängnäs,Källgatan 1,645 31,Strängnäs,0771-230000,0152-18106,,
 Marknadsområden, MO Öst,295,Sörmland,Rademachergatan 17,632 20,ESKILSTUNA,Rademachergatan 17,632 20,ESKILSTUNA,0771-230000,016-514090,eskilstuna@previa.se,0464600000000,295,Studsvik,Previa Studsvik,611 82,Nyköping,0771-230000,,,
 Marknadsområden, MO Sydväst,300,Skaraborg,Gesällgatan 5,541 50,SKÖVDE,Gesällgatan 5,541 50,SKÖVDE,0771-230000,0500-418897,skaraborg@previa.se,1438810,,,,,,,,,
 Marknadsområden, MO Sydväst,300,Skaraborg,Gesällgatan 5,541 50,SKÖVDE,Gesällgatan 5,541 50,SKÖVDE,0771-230000,0500-418897,skaraborg@previa.se,1438810,300,Falköping,"Landbogatan 4, c/o ALR",521 42,Falköping,0771-230000,0500-418897,skaraborg@previa.se,
 Marknadsområden, MO Sydväst,300,Skaraborg,Gesällgatan 5,541 50,SKÖVDE,Gesällgatan 5,541 50,SKÖVDE,0771-230000,0500-418897,skaraborg@previa.se,1438810,300,Karlsborg,Storgatan 49,546 32,Karlsborg,0771-230000,,skaraborg@previa.se,
 Marknadsområden, MO Sydväst,300,Skaraborg,Gesällgatan 5,541 50,SKÖVDE,Gesällgatan 5,541 50,SKÖVDE,0771-230000,0500-418897,skaraborg@previa.se,1438810,300,Lidköping,Sockerbruksgatan 1,531 40,LIDKÖPING,0771-230000,0510-484199,skaraborg@previa.se,
 Marknadsområden, MO Sydväst,300,Skaraborg,Gesällgatan 5,541 50,SKÖVDE,Gesällgatan 5,541 50,SKÖVDE,0771-230000,0500-418897,skaraborg@previa.se,1438810,300,Skara,Klostergatan 15,532 30,SKARA,0771-230000,0500-48 41 99,skaraborg@previa.se,
 Marknadsområden, MO Sydväst,300,Skaraborg,Gesällgatan 5,541 50,SKÖVDE,Gesällgatan 5,541 50,SKÖVDE,0771-230000,0500-418897,skaraborg@previa.se,1438810,300,SKÖVDE,Gesällgatan 5,541 50,SKÖVDE,0771-230000,0500-418897,skaraborg@previa.se,
 Marknadsområden, MO Sydväst,300,Skaraborg,Gesällgatan 5,541 50,SKÖVDE,Gesällgatan 5,541 50,SKÖVDE,0771-230000,0500-418897,skaraborg@previa.se,1438810,300,Tibro,Kalsbrovägen 3,543 32,Tibro,0771-230000,0500-418897,skaraborg@previa.se,
 Marknadsområden, MO Norr,110,Kiruna/Gällivare,Hjalmar Lundbohms v 44,981 31,KIRUNA,Hjalmar Lundbohms v 44,981 31,KIRUNA,0771-230000,0980- 77072,:,2502298039632,110,GÄLLIVARE,Föreningsgatan 9,982 31,Gällivare,0771-230000,0970-77132,gallivare@previa.se,
 Marknadsområden, MO Norr,110,Kiruna/Gällivare,Hjalmar Lundbohms v 44,981 31,KIRUNA,Hjalmar Lundbohms v 44,981 31,KIRUNA,0771-230000,0980- 77072,:,2502298039632,110,KIRUNA,Hjalmar Lundbohms v 44,981 31,Kiruna,0771-230000,0980- 77072,kiruna@previa.se,
 Marknadsområden, MO Öst,370,Värmland,Pumpgatan 5,652 21,KARLSTAD,Pumpgatan 5,652 21,KARLSTAD,0771-230000,054-196529,karlstad@previa.se,1700930022000,,,,,,,,,
 Marknadsområden, MO Öst,370,Värmland,Pumpgatan 5,652 21,KARLSTAD,Pumpgatan 5,652 21,KARLSTAD,0771-230000,054-196529,karlstad@previa.se,1700930022000,370,Arvika,Strandvägen 2,671 51,Arvika,0771-230000,054-196529,karlstad@previa.se,
 Marknadsområden, MO Öst,370,Värmland,Pumpgatan 5,652 21,KARLSTAD,Pumpgatan 5,652 21,KARLSTAD,0771-230000,054-196529,karlstad@previa.se,1700930022000,370,Charlottenberg,Västra Järnvägsgatan 7,673 32,Charlottenberg,0771-230000,054-196529,karlstad@previa.se,
 Marknadsområden, MO Öst,370,Värmland,Pumpgatan 5,652 21,KARLSTAD,Pumpgatan 5,652 21,KARLSTAD,0771-230000,054-196529,karlstad@previa.se,1700930022000,370,KARLSTAD,Pumpgatan 5,652 21,Karlstad,0771-230000,054-196529,karlstad@previa.se,
 Marknadsområden, MO Öst,370,Värmland,Pumpgatan 5,652 21,KARLSTAD,Pumpgatan 5,652 21,KARLSTAD,0771-230000,054-196529,karlstad@previa.se,1700930022000,370,SKOGHALL,Linnévägen 2,663 30,Skoghall,0771-230000,,,
 Marknadsområden, MO Öst,375,Mälardalen,"Stora gatan 16, Box 439",721 08,VÄSTERÅS,"Stora gatan 16, Box 439",721 08,VÄSTERÅS,0771-230000,021-122565,vasteras@previa.se,1900000028420,,,,,,,,,
 Marknadsområden, MO Öst,375,Mälardalen,"Stora gatan 16, Box 439",721 08,VÄSTERÅS,"Stora gatan 16, Box 439",721 08,VÄSTERÅS,0771-230000,021-122565,vasteras@previa.se,1900000028420,375,ESKILSTUNA,Rademachergatan 17,632 20,Eskilstuna,0771-230000,016-514090,eskilstuna@previa.se,
 Marknadsområden, MO Öst,375,Mälardalen,"Stora gatan 16, Box 439",721 08,VÄSTERÅS,"Stora gatan 16, Box 439",721 08,VÄSTERÅS,0771-230000,021-122565,vasteras@previa.se,1900000028420,375,Sala,Hyttvägen 2,733 38,Sala,0771-230000,,,
 Marknadsområden, MO Öst,375,Mälardalen,"Stora gatan 16, Box 439",721 08,VÄSTERÅS,"Stora gatan 16, Box 439",721 08,VÄSTERÅS,0771-230000,021-122565,vasteras@previa.se,1900000028420,375,VÄSTERÅS,Box 439,721 08,Västerås,0771-230000,021-122565,vasteras@previa.se,
 Marknadsområden, MO Öst,390,Östergötland,Repslagaregatan 24,582 22,LINKÖPING,Repslagaregatan 24,582 22,LINKÖPING,0771-230000,013-244239,linkoping@previa.se,0555844102080,,,,,,,,,
 Marknadsområden, MO Öst,390,Östergötland,Repslagaregatan 24,582 22,LINKÖPING,Repslagaregatan 24,582 22,LINKÖPING,0771-230000,013-244239,linkoping@previa.se,0555844102080,390,LINKÖPING,Repslagaregatan 24,582 22,Linköping,0771-230000,013-244239,,
 Marknadsområden, MO Öst,390,Östergötland,Repslagaregatan 24,582 22,LINKÖPING,Repslagaregatan 24,582 22,LINKÖPING,0771-230000,013-244239,linkoping@previa.se,0555844102080,390,Mjölby,Lagmansgatan 26,595 52,Mjölby,0771-230000,013-244239,linkoping@previa.se,
 Marknadsområden, MO Öst,390,Östergötland,Repslagaregatan 24,582 22,LINKÖPING,Repslagaregatan 24,582 22,LINKÖPING,0771-230000,013-244239,linkoping@previa.se,0555844102080,390,Motala,Luxorgatan 3,591 33,MOTALA,0771-230000,0141 - 22 85 99,,
 Marknadsområden, MO Öst,390,Östergötland,Repslagaregatan 24,582 22,LINKÖPING,Repslagaregatan 24,582 22,LINKÖPING,0771-230000,013-244239,linkoping@previa.se,0555844102080,390,NORRKÖPING,Gamla Rådstugugatan 37,602 32,Norrköping,0771-230000,011-191929,norrkoping@previa.se,
 Marknadsområden, MO Norr,120,Luleå/Boden,Varvsgatan 53,972 33,LULEÅ,Varvsgatan 53,972 33,LULEÅ,0771-230000,0920-403729,lulea@previa.se,2502298039632,,,,,,,,,
 Marknadsområden, MO Norr,120,Luleå/Boden,Varvsgatan 53,972 33,LULEÅ,Varvsgatan 53,972 33,LULEÅ,0771-230000,0920-403729,lulea@previa.se,2502298039632,120,Boden,Kungsgatan 51,961 35,Boden,0771-230000,0921-532 63,boden@previa.se,
 Marknadsområden, MO Norr,120,Luleå/Boden,Varvsgatan 53,972 33,LULEÅ,Varvsgatan 53,972 33,LULEÅ,0771-230000,0920-403729,lulea@previa.se,2502298039632,120,LULEÅ,Varvsgatan 53,972 33,Luleå,0771-230000,0920-403729,lulea@previa.se,
 Marknadsområden, MO Norr,120,Luleå/Boden,Varvsgatan 53,972 33,LULEÅ,Varvsgatan 53,972 33,LULEÅ,0771-230000,0920-403729,lulea@previa.se,2502298039632,120,Piteå,Bryggargatan 14,941 63,Piteå,0771-230000,,lulea@previa.se,
 Marknadsområden, MO Öst,410,Jönköpings län,Klubbhusgatan 13,553 03,JÖNKÖPING,Klubbhusgatan 13,553 03,JÖNKÖPING,0771-230000,036-340290,jonkoping@previa.se,0600000901008,,,,,,,,,
 Marknadsområden, MO Öst,410,Jönköpings län,Klubbhusgatan 13,553 03,JÖNKÖPING,Klubbhusgatan 13,553 03,JÖNKÖPING,0771-230000,036-340290,jonkoping@previa.se,0600000901008,410,Habo,Klubbhusgatan 13,553 03,Jönköping,0771-230000,036-340290,jonkoping@previa.se,
 Marknadsområden, MO Öst,410,Jönköpings län,Klubbhusgatan 13,553 03,JÖNKÖPING,Klubbhusgatan 13,553 03,JÖNKÖPING,0771-230000,036-340290,jonkoping@previa.se,0600000901008,410,JÖNKÖPING,Klubbhusgatan 13,553 03,JÖNKÖPING,0771-230000,036-340290,jonkoping@previa.se,
 Marknadsområden, MO Öst,410,Jönköpings län,Klubbhusgatan 13,553 03,JÖNKÖPING,Klubbhusgatan 13,553 03,JÖNKÖPING,0771-230000,036-340290,jonkoping@previa.se,0600000901008,410,NÄSSJÖ,Rådhusgatan 8 C,571 31,Nässjö,0771-230000,0380-16269,nassjo@previa.se,
 Marknadsområden, MO Öst,410,Jönköpings län,Klubbhusgatan 13,553 03,JÖNKÖPING,Klubbhusgatan 13,553 03,JÖNKÖPING,0771-230000,036-340290,jonkoping@previa.se,0600000901008,410,Vaggeryd,Klubbhusgatan 13,553 03,Jönköping,0771-230000,036-340290,jonkoping@previa.se,
 Marknadsområden, MO Öst,410,Jönköpings län,Klubbhusgatan 13,553 03,JÖNKÖPING,Klubbhusgatan 13,553 03,JÖNKÖPING,0771-230000,036-340290,jonkoping@previa.se,0600000901008,410,Värnamo,Klubbhusgatan 13,553 03,Jönköping,0771-230000,036-340290,jonkoping@previa.se,
 Marknadsområden, MO Sydväst,460,Göteborg,Box 11939,404 39,GÖTEBORG,Nils Ericsonsgatan 17,411 03,GÖTEBORG,0771-230000,031-80 66 88,centrumgbg@previa.se,1438810,,,,,,,,,
 Marknadsområden, MO Sydväst,460,Göteborg,Box 11939,404 39,GÖTEBORG,Nils Ericsonsgatan 17,411 03,GÖTEBORG,0771-230000,031-80 66 88,centrumgbg@previa.se,1438810,460,- AstraZeneca,,,,0771-230000,031-80 66 88,postgatan.goteborg@previa.se,
 Marknadsområden, MO Sydväst,460,Göteborg,Box 11939,404 39,GÖTEBORG,Nils Ericsonsgatan 17,411 03,GÖTEBORG,0771-230000,031-80 66 88,centrumgbg@previa.se,1438810,460,- ICA Kungälv,,,,0771-230000,031-80 66 88,postgatan.goteborg@previa.se,
 Marknadsområden, MO Sydväst,460,Göteborg,Box 11939,404 39,GÖTEBORG,Nils Ericsonsgatan 17,411 03,GÖTEBORG,0771-230000,031-80 66 88,centrumgbg@previa.se,1438810,460,- Mölnlycke Health Care AB,Gamlestadsvägen 3 C,402 52,Göteborg,,,postgatan.goteborg@previa.se,
 Marknadsområden, MO Sydväst,460,Göteborg,Box 11939,404 39,GÖTEBORG,Nils Ericsonsgatan 17,411 03,GÖTEBORG,0771-230000,031-80 66 88,centrumgbg@previa.se,1438810,460,- Swedavia Landvetter ,,438 80,Landvetter,0771-230000,,postgatan.goteborg@previa.se,
 Marknadsområden, MO Sydväst,460,Göteborg,Box 11939,404 39,GÖTEBORG,Nils Ericsonsgatan 17,411 03,GÖTEBORG,0771-230000,031-80 66 88,centrumgbg@previa.se,1438810,460,- Vattenfall Ringhals,,,,0771-230000,031-80 66 88,postgatan.goteborg@previa.se,
 Marknadsområden, MO Sydväst,460,Göteborg,Box 11939,404 39,GÖTEBORG,Nils Ericsonsgatan 17,411 03,GÖTEBORG,0771-230000,031-80 66 88,centrumgbg@previa.se,1438810,460,GÖTEBORG Centrum,Box 11939,404 39,GÖTEBORG,031-61 57 00,031-80 66 88,centrumgbg@previa.se,
 Marknadsområden, MO Sydväst,460,Göteborg,Box 11939,404 39,GÖTEBORG,Nils Ericsonsgatan 17,411 03,GÖTEBORG,0771-230000,031-80 66 88,centrumgbg@previa.se,1438810,460,GÖTEBORG Gårda,Johan på Gårdas gata 5 A,412 50,GÖTEBORG,0771-230000,031- 402 503,garda.goteborg@previa.se,
 Marknadsområden, MO Sydväst,460,Göteborg,Box 11939,404 39,GÖTEBORG,Nils Ericsonsgatan 17,411 03,GÖTEBORG,0771-230000,031-80 66 88,centrumgbg@previa.se,1438810,460,MÖLNDAL,Prästgårdsgatan 24,431 44,Mölndal,0771-230000,,,
 Marknadsområden, MO Norr,125,Skellefteå,Kanalgatan 46,931 30,SKELLEFTEÅ,Kanalgatan 46,931 31,SKELLEFTEÅ,0771-23 00 00,0910-708481,skelleftea@previa.se,2420103656910,125,SKELLEFTEÅ,Kanalgatan 46,931 30,SKELLEFTEÅ,0771-23 00 00,0910-708481,skelleftea@previa.se,2420103656910
 Marknadsområden, MO Sydväst,485,Bohuslän,Junogatan 9,451 42,UDDEVALLA,Junogatan 9,451 42,UDDEVALLA,0771-230000,0522-518401,uddevalla@previa.se,1438810,485,Färgelanda,"Centrumhuset, Timmervägen 12",458 31,Färgelanda,0771-230000,0522-518401,uddevalla@previa.se,
 Marknadsområden, MO Sydväst,485,Bohuslän,Junogatan 9,451 42,UDDEVALLA,Junogatan 9,451 42,UDDEVALLA,0771-230000,0522-518401,uddevalla@previa.se,1438810,485,Strömstad,Södra Kyrkogatan 2,452 30,Strömstad,0771-230000,0522-518401,uddevalla@previa.se,
 Marknadsområden, MO Sydväst,485,Bohuslän,Junogatan 9,451 42,UDDEVALLA,Junogatan 9,451 42,UDDEVALLA,0771-230000,0522-518401,uddevalla@previa.se,1438810,485,Trollhättan,"Älvhögsborg, Storgatan 1",461 31,Trollhättan,0771-230000,0522-518401,uddevalla@previa.se,
 Marknadsområden, MO Sydväst,485,Bohuslän,Junogatan 9,451 42,UDDEVALLA,Junogatan 9,451 42,UDDEVALLA,0771-230000,0522-518401,uddevalla@previa.se,1438810,485,UDDEVALLA,Junogatan 9,451 42,Uddevalla,0771-230000,0522-518401,uddevalla@previa.se,
 Marknadsområden, MO Sydväst,490,Borås,Nils Jakobsonsg 5 D,504 30,BORÅS,Nils Jakobsonsgatan 5 D,504 30,BORÅS,0771-230000,033-121187,boras@previa.se,1438810,490,- Ellos,Ödegärdsgatan 6,504 64,Borås,,,,
 Marknadsområden, MO Sydväst,490,Borås,Nils Jakobsonsg 5 D,504 30,BORÅS,Nils Jakobsonsgatan 5 D,504 30,BORÅS,0771-230000,033-121187,boras@previa.se,1438810,490,- SP.Sveriges tekniska forskningsinstitut,Brinellgatan 4,504 62,Borås,,,,
 Marknadsområden, MO Sydväst,490,Borås,Nils Jakobsonsg 5 D,504 30,BORÅS,Nils Jakobsonsgatan 5 D,504 30,BORÅS,0771-230000,033-121187,boras@previa.se,1438810,490,BORÅS,Nils Jakobsonsg 5 D,504 30,BORÅS,0771-230000,033-121187,boras@previa.se,
 Marknadsområden, MO Sydväst,490,Borås,Nils Jakobsonsg 5 D,504 30,BORÅS,Nils Jakobsonsgatan 5 D,504 30,BORÅS,0771-230000,033-121187,boras@previa.se,1438810,490,SKENE,"Kungsfors Center, Industrigatan 2",511 62,Skene,0771-230000,033-121187,boras@previa.se,
 Marknadsområden, MO Sydväst,510,Halland,Brogatan 3,302 43,HALMSTAD,Brogatan 3,302 43,HALMSTAD,0771-230000,035-106985,halland@previa.se,1310504776022,,,,,,,,,
 Marknadsområden, MO Sydväst,510,Halland,Brogatan 3,302 43,HALMSTAD,Brogatan 3,302 43,HALMSTAD,0771-230000,035-106985,halland@previa.se,1310504776022,510,- Gekås i Ullared ,Danska vägen 13,311 60,Ullared,0346-37500,,halland@previa.se,
 Marknadsområden, MO Sydväst,510,Halland,Brogatan 3,302 43,HALMSTAD,Brogatan 3,302 43,HALMSTAD,0771-230000,035-106985,halland@previa.se,1310504776022,510,- Halmstad kommun,Kyrkogatan 1,302 43,Halmstad,0771-230000,035-106985,halland@previa.se,
 Marknadsområden, MO Sydväst,510,Halland,Brogatan 3,302 43,HALMSTAD,Brogatan 3,302 43,HALMSTAD,0771-230000,035-106985,halland@previa.se,1310504776022,510,FALKENBERG,Nygatan 64,311 74,Falkenberg,0771-230000,0346-713010,halland@previa.se,
 Marknadsområden, MO Sydväst,510,Halland,Brogatan 3,302 43,HALMSTAD,Brogatan 3,302 43,HALMSTAD,0771-230000,035-106985,halland@previa.se,1310504776022,510,HALMSTAD,Kyrkogatan 1,302 43,Halmstad,0771-230000,035-106985,halland@previa.se,
 Marknadsområden, MO Sydväst,510,Halland,Brogatan 3,302 43,HALMSTAD,Brogatan 3,302 43,HALMSTAD,0771-230000,035-106985,halland@previa.se,1310504776022,510,Ringhals,Ringhals,432 85,Väröbacka,0771-230000,0340-66 85 88,halland@previa.se,
 Marknadsområden, MO Sydväst,510,Halland,Brogatan 3,302 43,HALMSTAD,Brogatan 3,302 43,HALMSTAD,0771-230000,035-106985,halland@previa.se,1310504776022,510,VARBERG,"Otto Torells gata 3, Tullhuset",432 44,Varberg,0771-230000,0340-678596,halland@previa.se,
 Marknadsområden, MO Sydväst,520,Helsingborg,Järnvägsgatan 35,252 25,HELSINGBORG,Järnvägsgatan 35,252 25,HELSINGBORG,0771-230000,042-242478,helsingborg@previa.se,124494,,,,,,,,,
 Marknadsområden, MO Sydväst,520,Helsingborg,Järnvägsgatan 35,252 25,HELSINGBORG,Järnvägsgatan 35,252 25,HELSINGBORG,0771-230000,042-242478,helsingborg@previa.se,124494,520,- Findus i Bjuv,c/o Findus Sverige AB,267 81,BJUV,0771-230000,042-87004,,
 Marknadsområden, MO Sydväst,520,Helsingborg,Järnvägsgatan 35,252 25,HELSINGBORG,Järnvägsgatan 35,252 25,HELSINGBORG,0771-230000,042-242478,helsingborg@previa.se,124494,520,- Jeldwen,,,Åstorp,0771-230000,,,
 Marknadsområden, MO Sydväst,520,Helsingborg,Järnvägsgatan 35,252 25,HELSINGBORG,Järnvägsgatan 35,252 25,HELSINGBORG,0771-230000,042-242478,helsingborg@previa.se,124494,520,Bjuv,Järnvägsgatan 35,252 25,HELSINGBORG,042-289500,042-242478,helsingborg@previa.se,
 Marknadsområden, MO Sydväst,520,Helsingborg,Järnvägsgatan 35,252 25,HELSINGBORG,Järnvägsgatan 35,252 25,HELSINGBORG,0771-230000,042-242478,helsingborg@previa.se,124494,520,HELSINGBORG,Järnvägsgatan 35,252 25,HELSINGBORG,0771-230000,042-242478,,
 Marknadsområden, MO Sydväst,520,Helsingborg,Järnvägsgatan 35,252 25,HELSINGBORG,Järnvägsgatan 35,252 25,HELSINGBORG,0771-230000,042-242478,helsingborg@previa.se,124494,520,LANDSKRONA,Storgatan 40,261 31,LANDSKRONA,0771-230000,0418-26805,,
 Marknadsområden, MO Sydväst,520,Helsingborg,Järnvägsgatan 35,252 25,HELSINGBORG,Järnvägsgatan 35,252 25,HELSINGBORG,0771-230000,042-242478,helsingborg@previa.se,124494,520,ÄNGELHOLM,Västra Kyrkogatan 17,262 32,ÄNGELHOLM,0771-230000,0431-447536,,
 Marknadsområden, MO Sydväst,525,Kristianstad,Västra Storgatan 51 E,291 31,KRISTIANSTAD,Västra Storgatan 51 E,291 31,KRISTIANSTAD,0771-230000,044-129801,kristianstad@previa.se,122100,,,,,,,,,
 Marknadsområden, MO Sydväst,525,Kristianstad,Västra Storgatan 51 E,291 31,KRISTIANSTAD,Västra Storgatan 51 E,291 31,KRISTIANSTAD,0771-230000,044-129801,kristianstad@previa.se,122100,525,HÄSSLEHOLM,Östergatan 15,281 32,Hässleholm,0771-230000,0451- 385235,,
 Marknadsområden, MO Sydväst,525,Kristianstad,Västra Storgatan 51 E,291 31,KRISTIANSTAD,Västra Storgatan 51 E,291 31,KRISTIANSTAD,0771-230000,044-129801,kristianstad@previa.se,122100,525,KRISTIANSTAD,Västra Storgatan 51 E,291 31,Kristianstad,0771-230000,044-129801,kristianstad@previa.se,
 Marknadsområden, MO Sydväst,535,Malmö,Masttorget 6,211 77,MALMÖ,Masttorget 6,211 77,MALMÖ,0771-230000,040-231745,malmo@previa.se,123237,,,,,,,,,
 Marknadsområden, MO Sydväst,535,Malmö,Masttorget 6,211 77,MALMÖ,Masttorget 6,211 77,MALMÖ,0771-230000,040-231745,malmo@previa.se,123237,535,MALMÖ,Masttorget 6,211 77,MALMÖ,0771-230000,040-231745,malmo@previa.se,123237
 Marknadsområden, MO Sydväst,535,Malmö,Masttorget 6,211 77,MALMÖ,Masttorget 6,211 77,MALMÖ,0771-230000,040-231745,malmo@previa.se,123237,535,Svedala,Stationsplan 1,233 31,Svedala,0771-230000,040-231745,malmo@previa.se,
 Marknadsområden, MO Sydväst,535,Malmö,Masttorget 6,211 77,MALMÖ,Masttorget 6,211 77,MALMÖ,0771-230000,040-231745,malmo@previa.se,123237,535,TRELLEBORG,Kontinentgatan 2,231 42,Trelleborg,0771-230000,0410-199 08,trelleborg@previa.se,
 Marknadsområden, MO Sydväst,540,Lund,Scheelevägen 17,223 70,LUND,Scheelevägen 17,223 70,LUND,0771-230000,046-161210,lund@previa.se,121865,,,,,,,,,
 Marknadsområden, MO Sydväst,540,Lund,Scheelevägen 17,223 70,LUND,Scheelevägen 17,223 70,LUND,0771-230000,046-161210,lund@previa.se,121865,540,LUND,Scheelevägen 17,223 70,LUND,0771-230000,046-161210,lund@previa.se,
 Marknadsområden, MO Norr,126,Lycksele/Vilhelmina,Storgatan 48 ,921 31,LYCKSELE ,Storgatan 48 ,921 31,LYCKSELE ,0771-230000,0950-574661,:,2430101857140,,,,,,,,,
 Marknadsområden, MO Norr,126,Lycksele/Vilhelmina,Storgatan 48 ,921 31,LYCKSELE ,Storgatan 48 ,921 31,LYCKSELE ,0771-230000,0950-574661,:,2430101857140,126,Dorotea,Nygatan 19,917 31,Dorotea,0771-230000,,,
 Marknadsområden, MO Norr,126,Lycksele/Vilhelmina,Storgatan 48 ,921 31,LYCKSELE ,Storgatan 48 ,921 31,LYCKSELE ,0771-230000,0950-574661,:,2430101857140,126,LYCKSELE,Storgatan 48,921 31,LYCKSELE,0771-230000,0950-574661,,
 Marknadsområden, MO Norr,126,Lycksele/Vilhelmina,Storgatan 48 ,921 31,LYCKSELE ,Storgatan 48 ,921 31,LYCKSELE ,0771-230000,0950-574661,:,2430101857140,126,Sorsele,Burevägen 13,920 70,SORSELE,0771-230000,0952-141 25,,
 Marknadsområden, MO Norr,126,Lycksele/Vilhelmina,Storgatan 48 ,921 31,LYCKSELE ,Storgatan 48 ,921 31,LYCKSELE ,0771-230000,0950-574661,:,2430101857140,126,Storuman,Backgatan 2,923 32,STORUMAN,0771-230000,0951-33441,,
 Marknadsområden, MO Norr,126,Lycksele/Vilhelmina,Storgatan 48 ,921 31,LYCKSELE ,Storgatan 48 ,921 31,LYCKSELE ,0771-230000,0950-574661,:,2430101857140,126,VILHELMINA,Dalasjö 77,912 90,VILHELMINA,0771-230000,,,
 Marknadsområden, MO Norr,126,Lycksele/Vilhelmina,Storgatan 48 ,921 31,LYCKSELE ,Storgatan 48 ,921 31,LYCKSELE ,0771-230000,0950-574661,:,2430101857140,126,Åsele,Bryggaregatan 11,919 32,Åsele,0771-230000,,,
HK,VD,705,VD och styrelse,Box 6047,102 31,Stockholm,Box 6047,102 31,Stockholm,0771-230000,08-6274399,:,1,,,,,,,,,
HK,Affärsprocesser och stödsystem,706,IT,Box 6047,102 31,Stockholm,Box 6047,102 31,Stockholm,0771-230000,08-6274399,:,01100500100,706,IT,Box 6047,102 31,Stockholm,,,,
HK,HR,707,Personal,Box 6047,102 31,Stockholm,Box 6047,102 31,Stockholm,0771-230000,08-6274399,:,1,,,,,,,,,
HK,Information o Kommunikation,708,Information o Kommunikation,Box 6047,102 31,Stockholm,Box 6047,102 31,Stockholm,0771-230000,08-6274399,:,1,,,,,,,,,
HK,Finans,710,Ekonomi,Box 6047,102 31,Stockholm,Box 6047,102 31,Stockholm,0771-230000,08-6274399,:,1,,,,,,,,,
HK,Affärsutveckling,714,Affärsutveckling,Box 6047,102 31,Stockholm,Box 6047,102 31,Stockholm,0771-230000,08-6274399,:,1,,,,,,,,,
 Marknadsområden, MO Norr,130,Västerbotten,Storgatan 115,903 33,UMEÅ,Storgatan 115,903 33,UMEÅ,0771-230000,090-718802,umea@previa.se,2410115058561,,,,,,,,,
 Marknadsområden, MO Norr,130,Västerbotten,Storgatan 115,903 33,UMEÅ,Storgatan 115,903 33,UMEÅ,0771-230000,090-718802,umea@previa.se,2410115058561,130,UMEÅ,Storgatan 115,903 33,Umeå,0771-230000,090-718802,umea@previa.se,
 Marknadsområden, MO Norr,130,Västerbotten,Storgatan 115,903 33,UMEÅ,Storgatan 115,903 33,UMEÅ,0771-230000,090-718802,umea@previa.se,2410115058561,130,Vindeln,Häradsvägen 131,922 31,Vindeln,0771-230000,,umea@previa.se,
HK,Försäljning,740,Försäljning,Box 6047,102 31,Stockholm,Box 6047,102 31,Stockholm,0771-230000,08-6274399,:,1,,,,,,,,,
 Marknadsområden, MO Öst,415,Kronobergs län,Honnörsgatan 16,352 36,VÄXJÖ,Honnörsgatan 16,352 36,VÄXJÖ,0771-230000,0470-726730,:,0708270200000,,,,,,,,,
 Marknadsområden, MO Öst,415,Kronobergs län,Honnörsgatan 16,352 36,VÄXJÖ,Honnörsgatan 16,352 36,VÄXJÖ,0771-230000,0470-726730,:,0708270200000,415,Lenhovda,Oskarshamnsvägen 1,360 73,LENHOVDA,0771-230000,0474-28299,,
 Marknadsområden, MO Öst,415,Kronobergs län,Honnörsgatan 16,352 36,VÄXJÖ,Honnörsgatan 16,352 36,VÄXJÖ,0771-230000,0470-726730,:,0708270200000,415,Lessebo,Storgatan 76,360 50,LESSEBO,0771-230000,0478-34489,,
 Marknadsområden, MO Öst,415,Kronobergs län,Honnörsgatan 16,352 36,VÄXJÖ,Honnörsgatan 16,352 36,VÄXJÖ,0771-230000,0470-726730,:,0708270200000,415,VÄXJÖ,Honnörsgatan 16,352 36,VÄXJÖ,0771-230000,0470-726730,,
 Marknadsområden, MO Öst,415,Kronobergs län,Honnörsgatan 16,352 36,VÄXJÖ,Honnörsgatan 16,352 36,VÄXJÖ,0771-230000,0470-726730,:,0708270200000,415,ÄLMHULT,Drottninggatan 2,343 30,ÄLMHULT,0771-230000,0476-59899,,
 Marknadsområden, MO Öst,420,Kalmar län,Malmbrogatan 8,392 35,KALMAR,Malmbrogatan 8,392 35,KALMAR ,0771-230000,0480-86630,kalmar@previa.se,0896030,,,,,,,,,
 Marknadsområden, MO Öst,420,Kalmar län,Malmbrogatan 8,392 35,KALMAR,Malmbrogatan 8,392 35,KALMAR ,0771-230000,0480-86630,kalmar@previa.se,0896030,420,- OKG AB,Previa - Gottfrids hus,572 83,Oskarshamn,0771-230000,,,
 Marknadsområden, MO Öst,420,Kalmar län,Malmbrogatan 8,392 35,KALMAR,Malmbrogatan 8,392 35,KALMAR ,0771-230000,0480-86630,kalmar@previa.se,0896030,420,Borgholm,Malmbrogatan 8,392 35,Kalmar,0771-230000,0480-86630,kalmar@previa.se,
 Marknadsområden, MO Öst,420,Kalmar län,Malmbrogatan 8,392 35,KALMAR,Malmbrogatan 8,392 35,KALMAR ,0771-230000,0480-86630,kalmar@previa.se,0896030,420,KALMAR,Malmbrogatan 8,392 35,KALMAR,0771-230000,0480-86630,,
 Marknadsområden, MO Öst,420,Kalmar län,Malmbrogatan 8,392 35,KALMAR,Malmbrogatan 8,392 35,KALMAR ,0771-230000,0480-86630,kalmar@previa.se,0896030,420,Mönsterås,Malmbrogatan 8,392 35,Kalmar,0771-230000,0480-86630,,
 Marknadsområden, MO Öst,420,Kalmar län,Malmbrogatan 8,392 35,KALMAR,Malmbrogatan 8,392 35,KALMAR ,0771-230000,0480-86630,kalmar@previa.se,0896030,420,OSKARSHAMN,Tingsvägen 1,572 55,OSKARSHAMN,0771-230000,0491-69649,,
 Marknadsområden, MO Öst,425,Blekinge,Drottninggatan 16,371 31,KARLSKRONA,Drottninggatan 16 ,371 31,KARLSKRONA ,0771-230000,0455-80631,:,1000000000200,,,,,,,,,
 Marknadsområden, MO Öst,425,Blekinge,Drottninggatan 16,371 31,KARLSKRONA,Drottninggatan 16 ,371 31,KARLSKRONA ,0771-230000,0455-80631,:,1000000000200,425,Karlshamn,Drottninggatan 103,374 38,Karlshamn,0771-230000,0455-80631,,
 Marknadsområden, MO Öst,425,Blekinge,Drottninggatan 16,371 31,KARLSKRONA,Drottninggatan 16 ,371 31,KARLSKRONA ,0771-230000,0455-80631,:,1000000000200,425,KARLSKRONA,Drottninggatan 16,371 31,Karlskrona,0771-230000,0455-80631,,
 Marknadsområden, MO Öst,425,Blekinge,Drottninggatan 16,371 31,KARLSKRONA,Drottninggatan 16 ,371 31,KARLSKRONA ,0771-230000,0455-80631,:,1000000000200,425,Ronneby,Fridhemsvägen 15,372 38,Ronneby,0771-230000,0457-28999,,
 Marknadsområden, MO Öst,380,Örebro,Fredsgatan 2,703 62,ÖREBRO,Fredsgatan 2 ,703 62,ÖREBRO,0771-230000,019-6115286,orebro@previa.se,180220700,,,,,,,,,
 Marknadsområden, MO Öst,380,Örebro,Fredsgatan 2,703 62,ÖREBRO,Fredsgatan 2 ,703 62,ÖREBRO,0771-230000,019-6115286,orebro@previa.se,180220700,380,- Suzuki Garphyttan,,,,0771-230000,,,
 Marknadsområden, MO Öst,380,Örebro,Fredsgatan 2,703 62,ÖREBRO,Fredsgatan 2 ,703 62,ÖREBRO,0771-230000,019-6115286,orebro@previa.se,180220700,380,- Örebro Universitet,,,,0771-230000,,,
 Marknadsområden, MO Öst,380,Örebro,Fredsgatan 2,703 62,ÖREBRO,Fredsgatan 2 ,703 62,ÖREBRO,0771-230000,019-6115286,orebro@previa.se,180220700,380,Hallsberg,,703 62,Örebro,0771-230000,0582-127 63,,
 Marknadsområden, MO Öst,380,Örebro,Fredsgatan 2,703 62,ÖREBRO,Fredsgatan 2 ,703 62,ÖREBRO,0771-230000,019-6115286,orebro@previa.se,180220700,380,Karlskoga,Bergsmansgatan 1,703 62,Örebro,0771-230000,,,
 Marknadsområden, MO Öst,380,Örebro,Fredsgatan 2,703 62,ÖREBRO,Fredsgatan 2 ,703 62,ÖREBRO,0771-230000,019-6115286,orebro@previa.se,180220700,380,ÖREBRO,Fredsgatan 2,703 62,ÖREBRO,0771-230000,019-6115286,orebro@previa.se,180220700
 Marknadsområden, MO Sydväst,555,Ystad,Militärvägen 2,271 39,YSTAD,Militärvägen 2,271 39,YSTAD,0771-230000,0411-558165,ystad@previa.se,125263,,,,,,,,,
 Marknadsområden, MO Sydväst,555,Ystad,Militärvägen 2,271 39,YSTAD,Militärvägen 2,271 39,YSTAD,0771-230000,0411-558165,ystad@previa.se,125263,555,Simrishamn,Christian Barnekowsgatan 8,272 32,Simrishamn,0771-230000,,ystad@previa.se,
 Marknadsområden, MO Sydväst,555,Ystad,Militärvägen 2,271 39,YSTAD,Militärvägen 2,271 39,YSTAD,0771-230000,0411-558165,ystad@previa.se,125263,555,Skurup,Kyrkogatan 25 ,274 34,Skurup,0771-230000,,ystad@previa.se,
 Marknadsområden, MO Sydväst,555,Ystad,Militärvägen 2,271 39,YSTAD,Militärvägen 2,271 39,YSTAD,0771-230000,0411-558165,ystad@previa.se,125263,555,Tomelilla,Rundelsgatan 12 ,273 34,Tomelilla,0771-230000,,ystad@previa.se,
 Marknadsområden, MO Sydväst,555,Ystad,Militärvägen 2,271 39,YSTAD,Militärvägen 2,271 39,YSTAD,0771-230000,0411-558165,ystad@previa.se,125263,555,YSTAD,Militärvägen 2,271 39,Ystad,0771-230000,0411-558165,ystad@previa.se,
 Marknadsområden, MO Stockholm,195,Sundbyberg,Prästgårdsgatan 1,172 32,Sundbyberg,Prästgårdsgatan 1,172 32,Sundbyberg,0771-230000,08-6296299,:,01905600100,195,- Coop Broterminalen,Ängsuddsvägen 10,197 25,Bro,0771-230000,08-6296299,,
 Marknadsområden, MO Stockholm,195,Sundbyberg,Prästgårdsgatan 1,172 32,Sundbyberg,Prästgårdsgatan 1,172 32,Sundbyberg,0771-230000,08-6296299,:,01905600100,195,SUNDBYBERG,Prästgårdsgatan 1,172 32,Sundbyberg,0771-230000,08-6296299,:,01905600100
 Marknadsområden, MO Norr,145,Sundsvall,Storgatan 25,852 30,SUNDSVALL,Storgatan 25,852 30,SUNDSVALL,0771-230000,060-194854,sundsvall@previa.se,2216859,,,,,,,,,
 Marknadsområden, MO Norr,145,Sundsvall,Storgatan 25,852 30,SUNDSVALL,Storgatan 25,852 30,SUNDSVALL,0771-230000,060-194854,sundsvall@previa.se,2216859,145,- Valmet Sundsvall,Gustaf Gidlöfs väg 1,863 33,Sundsbruk,0771-230000,060-194854,sundsvall@previa.se,
 Marknadsområden, MO Norr,145,Sundsvall,Storgatan 25,852 30,SUNDSVALL,Storgatan 25,852 30,SUNDSVALL,0771-230000,060-194854,sundsvall@previa.se,2216859,145,HUDIKSVALL,Håstaholmen,824 42,Hudiksvall,0771-230000,0650-541529,hudiksvall@previa.se,
 Marknadsområden, MO Norr,145,Sundsvall,Storgatan 25,852 30,SUNDSVALL,Storgatan 25,852 30,SUNDSVALL,0771-230000,060-194854,sundsvall@previa.se,2216859,145,HÄRNÖSAND,Storgatan 30,871 30,Härnösand,0771-230000,0611-533537,sundsvall@previa.se,
 Marknadsområden, MO Norr,145,Sundsvall,Storgatan 25,852 30,SUNDSVALL,Storgatan 25,852 30,SUNDSVALL,0771-230000,060-194854,sundsvall@previa.se,2216859,145,Sollefteå,Hågesta 412,881 41,Sollefteå,0771-230000,060-194854,sundsvall@previa.se,
 Marknadsområden, MO Norr,145,Sundsvall,Storgatan 25,852 30,SUNDSVALL,Storgatan 25,852 30,SUNDSVALL,0771-230000,060-194854,sundsvall@previa.se,2216859,145,SUNDSVALL,Storgatan 25,852 30,Sundsvall,0771-230000,060 - 194854,sundsvall@previa.se,
Övriga,Övriga,900,Journal,1,1,1, 1,1,,1,1,1,1 ,,,,,,,,,